Age,state,smoothing,residuals,variance,ac1,standard_deviation,Record,Period,tsid
500,2,3,-1,,,,construction_activity_BMIII,BMIII,0
501,3,3,0,,,,construction_activity_BMIII,BMIII,0
502,6,3,3,,,,construction_activity_BMIII,BMIII,0
503,5,3,2,,,,construction_activity_BMIII,BMIII,0
504,5,3,2,,,,construction_activity_BMIII,BMIII,0
505,5,3,2,,,,construction_activity_BMIII,BMIII,0
506,6,3,3,,,,construction_activity_BMIII,BMIII,0
507,2,3,-1,,,,construction_activity_BMIII,BMIII,0
508,3,3,0,,,,construction_activity_BMIII,BMIII,0
509,3,4,-1,,,,construction_activity_BMIII,BMIII,0
510,5,4,1,,,,construction_activity_BMIII,BMIII,0
511,3,4,-1,,,,construction_activity_BMIII,BMIII,0
512,2,4,-2,,,,construction_activity_BMIII,BMIII,0
513,3,4,-1,,,,construction_activity_BMIII,BMIII,0
514,4,4,0,,,,construction_activity_BMIII,BMIII,0
515,4,4,0,,,,construction_activity_BMIII,BMIII,0
516,1,4,-3,,,,construction_activity_BMIII,BMIII,0
517,4,4,0,,,,construction_activity_BMIII,BMIII,0
518,4,4,0,,,,construction_activity_BMIII,BMIII,0
519,5,4,1,,,,construction_activity_BMIII,BMIII,0
520,4,4,0,,,,construction_activity_BMIII,BMIII,0
521,8,4,4,,,,construction_activity_BMIII,BMIII,0
522,4,4,0,,,,construction_activity_BMIII,BMIII,0
523,3,5,-2,,,,construction_activity_BMIII,BMIII,0
524,3,5,-2,,,,construction_activity_BMIII,BMIII,0
525,7,5,2,,,,construction_activity_BMIII,BMIII,0
526,2,5,-3,,,,construction_activity_BMIII,BMIII,0
527,6,5,1,,,,construction_activity_BMIII,BMIII,0
528,5,5,0,,,,construction_activity_BMIII,BMIII,0
529,3,5,-2,,,,construction_activity_BMIII,BMIII,0
530,6,6,0,,,,construction_activity_BMIII,BMIII,0
531,8,6,2,,,,construction_activity_BMIII,BMIII,0
532,11,6,5,,,,construction_activity_BMIII,BMIII,0
533,2,6,-4,,,,construction_activity_BMIII,BMIII,0
534,8,6,2,,,,construction_activity_BMIII,BMIII,0
535,3,6,-3,,,,construction_activity_BMIII,BMIII,0
536,10,6,4,,,,construction_activity_BMIII,BMIII,0
537,18,7,11,,,,construction_activity_BMIII,BMIII,0
538,4,7,-3,,,,construction_activity_BMIII,BMIII,0
539,7,7,0,,,,construction_activity_BMIII,BMIII,0
541,9,7,2,,,,construction_activity_BMIII,BMIII,0
542,7,7,0,,,,construction_activity_BMIII,BMIII,0
543,10,7,3,,,,construction_activity_BMIII,BMIII,0
544,8,7,1,,,,construction_activity_BMIII,BMIII,0
545,2,7,-5,,,,construction_activity_BMIII,BMIII,0
546,9,7,2,,,,construction_activity_BMIII,BMIII,0
547,11,8,3,,,,construction_activity_BMIII,BMIII,0
548,7,8,-1,,,,construction_activity_BMIII,BMIII,0
549,9,8,1,,,,construction_activity_BMIII,BMIII,0
550,8,8,0,,,,construction_activity_BMIII,BMIII,0
551,11,8,3,,,,construction_activity_BMIII,BMIII,0
552,10,8,2,,,,construction_activity_BMIII,BMIII,0
553,4,8,-4,,,,construction_activity_BMIII,BMIII,0
554,4,8,-4,,,,construction_activity_BMIII,BMIII,0
555,10,8,2,,,,construction_activity_BMIII,BMIII,0
556,11,8,3,,,,construction_activity_BMIII,BMIII,0
557,7,9,-2,,,,construction_activity_BMIII,BMIII,0
558,5,9,-4,,,,construction_activity_BMIII,BMIII,0
559,10,9,1,,,,construction_activity_BMIII,BMIII,0
560,9,9,0,7.169209039548024,-0.05080127100028677,2.6775378689288454,construction_activity_BMIII,BMIII,0
561,6,9,-3,7.325141242937854,-0.048667207291001775,2.70649981395489,construction_activity_BMIII,BMIII,0
562,16,9,7,8.074576271186443,-0.09335814440970859,2.841579889988392,construction_activity_BMIII,BMIII,0
563,6,9,-3,8.145762711864409,-0.14505581249449237,2.854078259590022,construction_activity_BMIII,BMIII,0
564,12,10,2,8.145762711864409,-0.16191185863317015,2.854078259590022,construction_activity_BMIII,BMIII,0
565,7,10,-3,8.274293785310736,-0.17865075208909642,2.8765072197564074,construction_activity_BMIII,BMIII,0
566,13,10,3,8.351412429378533,-0.20631203690759126,2.8898810406967503,construction_activity_BMIII,BMIII,0
567,15,10,5,8.605649717514126,-0.16787926073296913,2.933538770412644,construction_activity_BMIII,BMIII,0
568,6,10,-4,8.884463276836161,-0.20143254761736448,2.9806816798907194,construction_activity_BMIII,BMIII,0
569,3,10,-7,9.75254237288136,-0.13405893216403575,3.1229060781396165,construction_activity_BMIII,BMIII,0
570,17,11,6,10.308192090395483,-0.19373214886675075,3.2106373339876746,construction_activity_BMIII,BMIII,0
571,18,11,7,11.067514124293789,-0.11775276205708597,3.326787357841464,construction_activity_BMIII,BMIII,0
572,9,11,-2,11.128813559322039,-0.14247045963250218,3.335987643760396,construction_activity_BMIII,BMIII,0
573,11,11,0,11.039548022598874,-0.14625259992449727,3.322581529864824,construction_activity_BMIII,BMIII,0
574,21,11,10,12.559039548022604,-0.14277795151491565,3.543873523141395,construction_activity_BMIII,BMIII,0
575,16,11,5,12.888135593220342,-0.07585558260610614,3.5900049572696053,construction_activity_BMIII,BMIII,0
576,8,11,-3,13.099152542372885,-0.09863520806386879,3.6192751404629195,construction_activity_BMIII,BMIII,0
577,12,11,1,12.884463276836161,-0.10340136180447147,3.5894934568593606,construction_activity_BMIII,BMIII,0
578,2,12,-10,14.760169491525426,-0.10196572362819255,3.8418966008373294,construction_activity_BMIII,BMIII,0
579,10,12,-2,14.857344632768363,-0.06524008369948901,3.8545226206066507,construction_activity_BMIII,BMIII,0
580,8,12,-4,15.175141242937856,-0.05209070960490108,3.895528365053688,construction_activity_BMIII,BMIII,0
581,19,12,7,15.912711864406782,-0.08105092962363061,3.989074061033059,construction_activity_BMIII,BMIII,0
582,20,12,8,16.66073446327684,-0.023150792479167313,4.081756296409284,construction_activity_BMIII,BMIII,0
583,10,12,-2,16.762429378531074,-0.04303208002759572,4.094194594609674,construction_activity_BMIII,BMIII,0
584,14,12,2,16.692372881355933,-0.0534332742211626,4.085630047049773,construction_activity_BMIII,BMIII,0
585,16,13,3,16.676836158192092,-0.046275247613580865,4.083728217963592,construction_activity_BMIII,BMIII,0
586,11,13,-2,16.75819209039548,-0.047579713716598165,4.093677086727222,construction_activity_BMIII,BMIII,0
587,22,13,9,17.70734463276836,-0.06657785948893,4.20800958087887,construction_activity_BMIII,BMIII,0
588,3,13,-10,19.637005649717512,-0.14154171087208112,4.431366115513083,construction_activity_BMIII,BMIII,0
589,10,13,-3,19.84632768361582,-0.1026157331513286,4.454921737092114,construction_activity_BMIII,BMIII,0
590,10,13,-3,19.948870056497174,-0.09214902203258853,4.466415795299087,construction_activity_BMIII,BMIII,0
591,5,14,-9,21.45649717514124,-0.06029243023796105,4.632115842154775,construction_activity_BMIII,BMIII,0
592,14,14,0,21.41242937853107,-0.06236029120710381,4.627356629711079,construction_activity_BMIII,BMIII,0
593,16,14,2,21.087853107344625,-0.04730196479295804,4.592151250486489,construction_activity_BMIII,BMIII,0
594,17,14,3,20.888135593220333,-0.03814618097714293,4.570353989924668,construction_activity_BMIII,BMIII,0
595,25,14,11,22.726271186440673,-0.01050393302214208,4.767207902582042,construction_activity_BMIII,BMIII,0
596,12,15,-3,22.726271186440673,-0.029129187648510028,4.767207902582042,construction_activity_BMIII,BMIII,0
597,17,15,2,22.559039548022593,-0.06350578153174907,4.749635727929311,construction_activity_BMIII,BMIII,0
598,23,15,8,21.642937853107338,-0.02617940039325877,4.652197099554933,construction_activity_BMIII,BMIII,0
599,8,15,-7,22.379661016949147,-0.07012213799967315,4.7307146412512715,construction_activity_BMIII,BMIII,0
600,18,16,2,22.41920903954802,-0.077079107505071,4.734892716793911,construction_activity_BMIII,BMIII,0
601,8,16,-8,23.554802259887,-0.08453901718097567,4.853328987394838,construction_activity_BMIII,BMIII,0
602,11,16,-5,24.016666666666662,-0.05014775050289269,4.9006802248939545,construction_activity_BMIII,BMIII,0
603,10,17,-7,24.728531073446323,-0.025117782944503907,4.97277900911013,construction_activity_BMIII,BMIII,0
604,11,17,-6,25.31186440677966,0.007516324659381485,5.031089783215925,construction_activity_BMIII,BMIII,0
605,17,17,0,24.898022598870053,0.014281106761446371,4.98979183923238,construction_activity_BMIII,BMIII,0
606,19,18,1,24.846327683615815,0.010094955871192338,4.984609080320724,construction_activity_BMIII,BMIII,0
607,19,18,1,24.707344632768358,0.012868545421442588,4.970648311112782,construction_activity_BMIII,BMIII,0
608,26,19,7,25.520903954802257,0.018338221768815027,5.051821845117091,construction_activity_BMIII,BMIII,0
609,15,19,-4,25.779378531073444,-0.0006273755489155432,5.077339710032552,construction_activity_BMIII,BMIII,0
610,41,19,22,33.858474576271185,-0.05097468143944721,5.818803534771662,construction_activity_BMIII,BMIII,0
611,10,20,-10,35.507344632768365,-0.15528427649251933,5.958803959920846,construction_activity_BMIII,BMIII,0
612,21,20,1,35.460734463276836,-0.15271014777334022,5.9548916416066575,construction_activity_BMIII,BMIII,0
613,19,20,-1,35.19209039548022,-0.16286557430224205,5.93229217044139,construction_activity_BMIII,BMIII,0
614,14,20,-6,35.5412429378531,-0.1548312684713671,5.9616476697179195,construction_activity_BMIII,BMIII,0
615,22,21,1,35.494632768361576,-0.15908011544978687,5.957737218807286,construction_activity_BMIII,BMIII,0
616,15,21,-6,35.96497175141242,-0.15795965823629649,5.997080268881885,construction_activity_BMIII,BMIII,0
617,31,21,10,37.56497175141242,-0.18536007706815902,6.129026982434685,construction_activity_BMIII,BMIII,0
618,31,21,10,38.854237288135586,-0.13428730127514693,6.233316716494966,construction_activity_BMIII,BMIII,0
619,41,21,20,45.25734463276836,-0.04558552214750964,6.727357923640481,construction_activity_BMIII,BMIII,0
620,15,21,-6,46.00310734463276,-0.09129680683722016,6.7825590557423645,construction_activity_BMIII,BMIII,0
621,25,21,4,45.961581920903946,-0.0908628151146905,6.779497173161439,construction_activity_BMIII,BMIII,0
622,33,21,12,47.44039548022598,-0.06695383029800185,6.8876988523182385,construction_activity_BMIII,BMIII,0
623,42,21,21,53.935310734463265,0.015262122484287717,7.344066362340639,construction_activity_BMIII,BMIII,0
624,28,21,7,54.484745762711846,0.05128326942062097,7.381378310499459,construction_activity_BMIII,BMIII,0
625,25,21,4,54.28107344632767,0.05798270271880048,7.3675690323421925,construction_activity_BMIII,BMIII,0
626,16,21,-5,54.91836158192089,0.05070938376416813,7.410692382086905,construction_activity_BMIII,BMIII,0
627,19,21,-2,54.853107344632754,0.06299470864430287,7.406288364939131,construction_activity_BMIII,BMIII,0
628,24,21,3,54.443785310734455,0.048382368060613176,7.37860320865233,construction_activity_BMIII,BMIII,0
629,11,21,-10,55.43615819209039,0.054525551094404476,7.445546198371909,construction_activity_BMIII,BMIII,0
630,16,21,-5,55.675423728813556,0.06602277231582425,7.46159659381379,construction_activity_BMIII,BMIII,0
631,24,20,4,55.220338983050844,0.06591646581316978,7.431038889889545,construction_activity_BMIII,BMIII,0
632,15,20,-5,55.675423728813556,0.059118626316234976,7.46159659381379,construction_activity_BMIII,BMIII,0
633,17,20,-3,55.92203389830508,0.06939529918246128,7.478103629818531,construction_activity_BMIII,BMIII,0
634,9,20,-11,56.794067796610165,0.07032021558408909,7.536183901459024,construction_activity_BMIII,BMIII,0
635,18,20,-2,56.554802259887005,0.08240977966807574,7.520292697753659,construction_activity_BMIII,BMIII,0
636,35,20,15,59.85988700564971,0.06999984556642688,7.736917151272186,construction_activity_BMIII,BMIII,0
637,21,20,1,59.85988700564971,0.07102524813250448,7.736917151272186,construction_activity_BMIII,BMIII,0
638,11,20,-9,59.512711864406775,0.06186659705413021,7.7144482540494606,construction_activity_BMIII,BMIII,0
639,3,20,-17,64.66101694915254,0.10282682577632471,8.041207431048681,construction_activity_BMIII,BMIII,0
640,8,20,-12,66.94802259887005,0.16245550922113483,8.182177130743996,construction_activity_BMIII,BMIII,0
641,17,20,-3,66.36610169491524,0.15801088477328304,8.146539246509235,construction_activity_BMIII,BMIII,0
642,19,20,-1,65.3364406779661,0.16423572611828705,8.083095983468592,construction_activity_BMIII,BMIII,0
643,20,20,0,65.2641242937853,0.1654438835268273,8.078621435231712,construction_activity_BMIII,BMIII,0
644,27,21,6,65.79067796610168,0.16338840871371754,8.111145293119936,construction_activity_BMIII,BMIII,0
645,12,21,-9,67.03135593220337,0.14905485160000914,8.187267916234534,construction_activity_BMIII,BMIII,0
646,18,21,-3,67.1141242937853,0.1604187682721341,8.192321056561767,construction_activity_BMIII,BMIII,0
647,18,21,-3,65.82598870056495,0.1893975914779842,8.113321681072737,construction_activity_BMIII,BMIII,0
648,71,21,50,106.02937853107342,0.1134877883075038,10.297056789737221,construction_activity_BMIII,BMIII,0
649,32,21,11,107.5242937853107,0.16538955747726355,10.369392160840997,construction_activity_BMIII,BMIII,0
650,19,21,-2,107.40649717514121,0.15421124478108883,10.36371058912498,construction_activity_BMIII,BMIII,0
651,13,22,-9,107.40649717514121,0.15734343921314925,10.36371058912498,construction_activity_BMIII,BMIII,0
652,31,22,9,108.45649717514121,0.14292425519859642,10.414244916226101,construction_activity_BMIII,BMIII,0
653,22,22,0,108.46440677966099,0.1406178818444139,10.414624658606808,construction_activity_BMIII,BMIII,0
654,14,22,-8,109.77259887005647,0.13940390681289372,10.477241949580838,construction_activity_BMIII,BMIII,0
655,25,22,3,108.104802259887,0.14269065274591963,10.397345923834937,construction_activity_BMIII,BMIII,0
656,27,22,5,108.14548022598869,0.14472011688908215,10.399301910512488,construction_activity_BMIII,BMIII,0
657,27,22,5,108.40564971751411,0.14633976941759524,10.411803384501367,construction_activity_BMIII,BMIII,0
658,19,22,-3,107.79971751412428,0.15362676201334524,10.382664278215119,construction_activity_BMIII,BMIII,0
659,14,23,-9,108.39406779661016,0.16051900556978965,10.411247177769345,construction_activity_BMIII,BMIII,0
660,13,23,-10,110.28559322033895,0.17684529223256737,10.50169477847928,construction_activity_BMIII,BMIII,0
661,9,23,-14,112.62457627118641,0.1903685452195219,10.612472674696807,construction_activity_BMIII,BMIII,0
662,10,23,-13,115.169209039548,0.20920117954371784,10.731691806958864,construction_activity_BMIII,BMIII,0
663,22,23,-1,114.28107344632765,0.20360376594904647,10.690232618906272,construction_activity_BMIII,BMIII,0
664,17,23,-6,114.28107344632765,0.20454643839592682,10.690232618906272,construction_activity_BMIII,BMIII,0
665,44,24,20,120.66525423728811,0.18032814892227236,10.984773745384476,construction_activity_BMIII,BMIII,0
666,19,24,-5,121.21440677966098,0.15958053829870905,11.009741449264872,construction_activity_BMIII,BMIII,0
667,48,24,24,130.30395480225985,0.13580125619442954,11.415075768572885,construction_activity_BMIII,BMIII,0
668,24,24,0,129.70480225988697,0.1325941361763182,11.388801616495345,construction_activity_BMIII,BMIII,0
669,34,24,10,130.6381355932203,0.14896755077015716,11.429704090361234,construction_activity_BMIII,BMIII,0
670,20,24,-4,123.52853107344629,0.17923553951569718,11.114338984997996,construction_activity_BMIII,BMIII,0
671,16,25,-9,123.18192090395476,0.18607909287157337,11.098735103783438,construction_activity_BMIII,BMIII,0
672,25,25,0,123.18954802259884,0.18591431953205353,11.099078701522881,construction_activity_BMIII,BMIII,0
673,22,25,-3,123.37259887005646,0.18511288731631198,11.107321858578532,construction_activity_BMIII,BMIII,0
674,32,25,7,123.24406779661015,0.18197708049702033,11.101534479368613,construction_activity_BMIII,BMIII,0
675,19,25,-6,124.03700564971749,0.1758109330275144,11.13719020443296,construction_activity_BMIII,BMIII,0
676,41,26,15,126.55819209039545,0.1697237467675447,11.24980853572164,construction_activity_BMIII,BMIII,0
677,25,26,-1,125.26864406779659,0.15445369547559504,11.192347567324587,construction_activity_BMIII,BMIII,0
678,21,26,-5,124.41694915254234,0.13578174447154043,11.154234583894242,construction_activity_BMIII,BMIII,0
679,20,26,-6,118.67344632768359,0.16199792572538746,10.89373426918812,construction_activity_BMIII,BMIII,0
680,25,26,-1,118.0279661016949,0.16671505229143194,10.864067659108853,construction_activity_BMIII,BMIII,0
681,13,26,-13,120.74124293785309,0.1627261297270377,10.988232020568782,construction_activity_BMIII,BMIII,0
682,29,26,3,118.45056497175139,0.12384678666674583,10.883499665629222,construction_activity_BMIII,BMIII,0
683,40,26,14,114.26440677966099,0.10989066853386344,10.689453062699746,construction_activity_BMIII,BMIII,0
684,41,26,15,117.28361581920902,0.13457192660508455,10.829756036920177,construction_activity_BMIII,BMIII,0
705,3,5,-2,,,,construction_activity_PI,PI,1
706,1,5,-4,,,,construction_activity_PI,PI,1
707,7,5,2,,,,construction_activity_PI,PI,1
708,4,5,-1,,,,construction_activity_PI,PI,1
709,6,5,1,,,,construction_activity_PI,PI,1
711,4,6,-2,,,,construction_activity_PI,PI,1
712,4,6,-2,,,,construction_activity_PI,PI,1
713,4,6,-2,,,,construction_activity_PI,PI,1
714,7,6,1,,,,construction_activity_PI,PI,1
715,15,6,9,,,,construction_activity_PI,PI,1
716,3,6,-3,,,,construction_activity_PI,PI,1
718,3,6,-3,,,,construction_activity_PI,PI,1
719,8,7,1,,,,construction_activity_PI,PI,1
720,7,7,0,,,,construction_activity_PI,PI,1
721,3,7,-4,,,,construction_activity_PI,PI,1
722,8,7,1,,,,construction_activity_PI,PI,1
723,2,7,-5,,,,construction_activity_PI,PI,1
724,2,8,-6,,,,construction_activity_PI,PI,1
725,14,8,6,,,,construction_activity_PI,PI,1
726,7,8,-1,,,,construction_activity_PI,PI,1
727,7,8,-1,,,,construction_activity_PI,PI,1
728,14,8,6,,,,construction_activity_PI,PI,1
729,38,8,30,,,,construction_activity_PI,PI,1
730,13,8,5,,,,construction_activity_PI,PI,1
731,6,9,-3,,,,construction_activity_PI,PI,1
732,8,9,-1,,,,construction_activity_PI,PI,1
733,9,9,0,,,,construction_activity_PI,PI,1
734,9,9,0,,,,construction_activity_PI,PI,1
735,5,9,-4,,,,construction_activity_PI,PI,1
736,12,9,3,,,,construction_activity_PI,PI,1
737,8,9,-1,,,,construction_activity_PI,PI,1
738,4,9,-5,,,,construction_activity_PI,PI,1
739,7,10,-3,,,,construction_activity_PI,PI,1
740,9,10,-1,,,,construction_activity_PI,PI,1
741,3,10,-7,,,,construction_activity_PI,PI,1
742,2,10,-8,,,,construction_activity_PI,PI,1
743,19,11,8,,,,construction_activity_PI,PI,1
744,5,11,-6,,,,construction_activity_PI,PI,1
745,12,11,1,,,,construction_activity_PI,PI,1
746,7,11,-4,,,,construction_activity_PI,PI,1
747,16,12,4,,,,construction_activity_PI,PI,1
748,10,12,-2,,,,construction_activity_PI,PI,1
749,15,13,2,,,,construction_activity_PI,PI,1
750,10,13,-3,,,,construction_activity_PI,PI,1
751,7,13,-6,,,,construction_activity_PI,PI,1
752,10,14,-4,,,,construction_activity_PI,PI,1
753,14,14,0,,,,construction_activity_PI,PI,1
754,13,15,-2,,,,construction_activity_PI,PI,1
755,12,15,-3,,,,construction_activity_PI,PI,1
756,10,16,-6,,,,construction_activity_PI,PI,1
757,8,16,-8,,,,construction_activity_PI,PI,1
758,15,17,-2,,,,construction_activity_PI,PI,1
759,44,17,27,,,,construction_activity_PI,PI,1
760,27,18,9,,,,construction_activity_PI,PI,1
761,19,18,1,,,,construction_activity_PI,PI,1
762,14,18,-4,,,,construction_activity_PI,PI,1
763,36,19,17,,,,construction_activity_PI,PI,1
764,11,19,-8,,,,construction_activity_PI,PI,1
765,25,20,5,,,,construction_activity_PI,PI,1
766,28,20,8,50.531073446327696,0.10565365325342815,7.108521185614325,construction_activity_PI,PI,1
767,21,20,1,50.44378531073447,0.10313926909702445,7.102378848719242,construction_activity_PI,PI,1
768,23,21,2,50.15225988700566,0.1060811043212071,7.0818260277279945,construction_activity_PI,PI,1
769,23,21,2,50.15225988700566,0.107644243187118,7.0818260277279945,construction_activity_PI,PI,1
770,25,21,4,50.317514124293794,0.1094363595875272,7.093483920070151,construction_activity_PI,PI,1
771,15,21,-6,51.031355932203404,0.10137974780172941,7.143623445577419,construction_activity_PI,PI,1
772,19,21,-2,51.031355932203404,0.10408393501805054,7.143623445577419,construction_activity_PI,PI,1
773,19,21,-2,51.031355932203404,0.10408393501805052,7.143623445577419,construction_activity_PI,PI,1
774,18,22,-4,51.26412429378532,0.10788057840938806,7.159896947148424,construction_activity_PI,PI,1
775,40,22,18,56.41694915254238,0.0772731644502375,7.511121697359348,construction_activity_PI,PI,1
776,31,22,9,56.41694915254238,0.12774433147676137,7.511121697359348,construction_activity_PI,PI,1
777,11,22,-11,58.48700564971752,0.09147194756071411,7.647679755959811,construction_activity_PI,PI,1
778,21,22,-1,58.31186440677967,0.09568166515016542,7.63622055776152,construction_activity_PI,PI,1
779,8,22,-14,61.8584745762712,0.09949446640555933,7.865015866244085,construction_activity_PI,PI,1
780,63,22,41,89.38870056497177,-0.05312329495094291,9.454559776370964,construction_activity_PI,PI,1
781,23,22,1,88.95225988700567,-0.045316849781360434,9.431450571731036,construction_activity_PI,PI,1
782,11,22,-11,91.3997175141243,-0.044719984109254936,9.560319948313671,construction_activity_PI,PI,1
783,21,22,-1,90.86412429378531,-0.04782435473848084,9.532267531588971,construction_activity_PI,PI,1
784,20,22,-2,90.18389830508475,-0.04031118061591799,9.49652032615551,construction_activity_PI,PI,1
785,19,22,-3,90.02372881355933,-0.03623950479235342,9.488083516367219,construction_activity_PI,PI,1
786,43,21,22,97.35903954802262,-0.05049954562879254,9.867068437384157,construction_activity_PI,PI,1
787,23,21,2,97.2768361581921,-0.04431380263045327,9.862902015035539,construction_activity_PI,PI,1
788,25,21,4,97.0271186440678,-0.07344280164785348,9.85023444614735,construction_activity_PI,PI,1
789,13,21,-8,84.12429378531074,-0.10954602926013408,9.171929665305482,construction_activity_PI,PI,1
790,17,21,-4,84.15225988700567,-0.09764313091103886,9.173454087038627,construction_activity_PI,PI,1
791,13,21,-8,85.16497175141245,-0.09013898252066234,9.228486969780715,construction_activity_PI,PI,1
792,15,21,-6,85.82457627118644,-0.07844671250188828,9.264155453746794,construction_activity_PI,PI,1
793,19,21,-2,85.91497175141245,-0.0751574178453925,9.269032945858616,construction_activity_PI,PI,1
794,15,21,-6,86.57937853107346,-0.07234491407561175,9.304804056565267,construction_activity_PI,PI,1
795,11,22,-11,88.39661016949155,-0.05533342229642789,9.401947147771654,construction_activity_PI,PI,1
796,13,22,-9,89.6169491525424,-0.034640935820872396,9.466622901148138,construction_activity_PI,PI,1
797,8,22,-14,92.83022598870059,-0.011580408810570238,9.634844367642925,construction_activity_PI,PI,1
798,19,22,-3,92.57937853107346,-0.006842206658256308,9.621817839216947,construction_activity_PI,PI,1
799,36,22,14,95.83050847457629,-0.01418395227425429,9.789305821894436,construction_activity_PI,PI,1
800,22,22,0,95.81327683615821,-0.015305121463439948,9.788425656670137,construction_activity_PI,PI,1
801,26,22,4,95.21355932203392,-0.025952615188176993,9.757743556890288,construction_activity_PI,PI,1
802,28,22,6,94.58870056497177,-0.010856817547826742,9.725672242316815,construction_activity_PI,PI,1
803,37,22,15,97.20084745762713,0.012860995269146625,9.859049013856618,construction_activity_PI,PI,1
804,40,22,18,101.4720338983051,0.055332199768314376,10.07333280986512,construction_activity_PI,PI,1
805,33,22,11,103.15564971751415,0.08211895694091975,10.156556981453614,construction_activity_PI,PI,1
806,29,23,6,103.08785310734467,0.09166673781793855,10.153218854498542,construction_activity_PI,PI,1
807,25,23,2,102.97033898305088,0.09370133919738016,10.147430166453518,construction_activity_PI,PI,1
808,25,23,2,102.79632768361586,0.09423821847593387,10.138852384940607,construction_activity_PI,PI,1
809,9,23,-14,106.69237288135596,0.09138193700114033,10.329200011683188,construction_activity_PI,PI,1
810,21,23,-2,106.5717514124294,0.09295925783240996,10.323359502237118,construction_activity_PI,PI,1
811,16,23,-7,106.82796610169494,0.09118068817912468,10.335761515326045,construction_activity_PI,PI,1
812,14,23,-9,108.10056497175142,0.10228560616868895,10.397142154060962,construction_activity_PI,PI,1
813,34,23,11,109.75677966101698,0.08475211813322212,10.47648699044756,construction_activity_PI,PI,1
814,27,23,4,109.71610169491527,0.08639578134146995,10.474545417101178,construction_activity_PI,PI,1
815,19,24,-5,110.07090395480228,0.07902537061023557,10.491468150587995,construction_activity_PI,PI,1
816,33,24,9,110.15141242937855,0.06108777916299604,10.49530430380075,construction_activity_PI,PI,1
817,17,24,-7,109.84717514124296,0.04565477255445834,10.480800310150125,construction_activity_PI,PI,1
818,9,24,-15,114.1988700564972,0.08389045188243838,10.686387137685832,construction_activity_PI,PI,1
819,10,25,-15,106.96158192090398,0.09140969908368278,10.342223258125111,construction_activity_PI,PI,1
820,25,25,0,105.73870056497177,0.0903817573800797,10.282932488593502,construction_activity_PI,PI,1
821,24,25,-1,105.76581920903956,0.09102221913510336,10.284251028103094,construction_activity_PI,PI,1
822,31,26,5,105.77853107344635,0.10410041070985468,10.28486903530844,construction_activity_PI,PI,1
823,9,26,-17,106.06666666666668,0.11359820600872003,10.298867251628534,construction_activity_PI,PI,1
824,13,26,-13,107.83361581920906,0.15233229321392222,10.384296597228387,construction_activity_PI,PI,1
825,16,27,-11,109.32514124293787,0.16512168819450768,10.455866355445535,construction_activity_PI,PI,1
826,28,27,1,108.15254237288137,0.16001849371851284,10.399641454054143,construction_activity_PI,PI,1
827,39,28,11,110.32768361581923,0.1606037280193389,10.503698568400525,construction_activity_PI,PI,1
828,60,28,32,127.70056497175142,0.19961068319225916,11.300467466956906,construction_activity_PI,PI,1
829,36,29,7,128.42796610169492,0.21313456299455663,11.332606324305761,construction_activity_PI,PI,1
830,18,29,-11,130.27118644067798,0.2045584806659206,11.413640367589911,construction_activity_PI,PI,1
831,29,30,-1,129.67090395480227,0.20336466778612258,11.38731328956933,construction_activity_PI,PI,1
832,40,30,10,131.22344632768363,0.20019078783978458,11.455280281498293,construction_activity_PI,PI,1
833,37,31,6,131.67090395480227,0.2046622290337341,11.474794288125704,construction_activity_PI,PI,1
834,34,32,2,131.3725988700565,0.22015516228175305,11.461788641833197,construction_activity_PI,PI,1
835,27,32,-5,126.5581920903955,0.20317231599749308,11.249808535721641,construction_activity_PI,PI,1
836,26,33,-7,126.01581920903956,0.2231110729416418,11.225676781782004,construction_activity_PI,PI,1
837,15,33,-18,129.41101694915255,0.2349390701072005,11.375896314099938,construction_activity_PI,PI,1
838,33,33,0,129.40225988700567,0.23097159676492215,11.375511412108278,construction_activity_PI,PI,1
839,30,34,-4,126.40225988700567,0.35411875694893674,11.242875961559198,construction_activity_PI,PI,1
840,12,34,-22,104.85056497175142,0.38772949349717545,10.239656486999523,construction_activity_PI,PI,1
841,39,35,4,105.21581920903957,0.3619420240450012,10.257476259248158,construction_activity_PI,PI,1
842,63,35,28,117.43361581920907,0.3634872859909837,10.836679187795912,construction_activity_PI,PI,1
843,73,35,38,142.0124293785311,0.45354167301216297,11.916896801539027,construction_activity_PI,PI,1
844,41,36,5,142.2991525423729,0.43269056554266155,11.928920845674721,construction_activity_PI,PI,1
845,53,36,17,146.69463276836163,0.4555101304695304,12.111755973778601,construction_activity_PI,PI,1
846,64,36,28,151.6302259887006,0.4906831873807353,12.313822557950907,construction_activity_PI,PI,1
847,28,37,-9,153.19322033898308,0.437434051427529,12.377124881772144,construction_activity_PI,PI,1
848,35,37,-2,153.10169491525426,0.44305348894550195,12.373426967305955,construction_activity_PI,PI,1
849,17,37,-20,158.95932203389833,0.4366739533482241,12.60790712346416,construction_activity_PI,PI,1
850,27,37,-10,160.4338983050848,0.44501219902571454,12.66625036485087,construction_activity_PI,PI,1
851,16,37,-21,166.86412429378538,0.45218652374110097,12.917589724626858,construction_activity_PI,PI,1
852,46,37,9,167.57175141242945,0.42058127894790515,12.94495080764811,construction_activity_PI,PI,1
853,26,37,-11,169.60310734463283,0.4058369851445706,13.023175777997963,construction_activity_PI,PI,1
854,43,37,6,169.52853107344637,0.3924898685845848,13.020312249460316,construction_activity_PI,PI,1
855,33,37,-4,167.66779661016955,0.382242877471193,12.948660031453816,construction_activity_PI,PI,1
856,42,37,5,166.47344632768366,0.3711193753868585,12.902458925634434,construction_activity_PI,PI,1
857,43,37,6,163.21920903954808,0.37092505853181984,12.77572733896384,construction_activity_PI,PI,1
858,69,37,32,178.92966101694918,0.3770748165583394,13.376459210753389,construction_activity_PI,PI,1
859,42,37,5,176.48135593220346,0.3747809573830738,13.28462855830766,construction_activity_PI,PI,1
860,35,37,-2,176.64293785310738,0.3736754293168125,13.29070870394455,construction_activity_PI,PI,1
861,43,37,6,176.8881355932204,0.37090017868825237,13.299929909334876,construction_activity_PI,PI,1
862,40,37,3,176.5703389830509,0.36883128483581495,13.287977234442076,construction_activity_PI,PI,1
863,35,36,-1,173.43361581920908,0.3538752640186775,13.169419722190082,construction_activity_PI,PI,1
864,35,36,-1,168.55480225988708,0.3433973609991538,12.982865718318397,construction_activity_PI,PI,1
865,60,36,24,175.88107344632775,0.3272597909677555,13.262016190848499,construction_activity_PI,PI,1
866,58,36,22,182.86864406779668,0.3581098855472649,13.522893331968447,construction_activity_PI,PI,1
867,17,36,-19,189.6847457627119,0.3061327372709526,13.772608531527784,construction_activity_PI,PI,1
868,14,36,-22,198.38983050847463,0.33821242009921654,14.085092492009935,construction_activity_PI,PI,1
869,24,36,-12,197.47344632768366,0.35311250579918657,14.052524553534274,construction_activity_PI,PI,1
870,18,36,-18,203.11412429378535,0.36472223259706904,14.251811263617876,construction_activity_PI,PI,1
871,42,36,6,202.72853107344636,0.3467458973115711,14.238276969965375,construction_activity_PI,PI,1
873,41,22,19,,,,construction_activity_PII,PII,2
874,29,22,7,,,,construction_activity_PII,PII,2
875,37,22,15,,,,construction_activity_PII,PII,2
876,32,22,10,,,,construction_activity_PII,PII,2
877,28,21,7,,,,construction_activity_PII,PII,2
878,12,21,-9,,,,construction_activity_PII,PII,2
879,9,21,-12,,,,construction_activity_PII,PII,2
880,9,21,-12,,,,construction_activity_PII,PII,2
881,33,21,12,,,,construction_activity_PII,PII,2
882,18,20,-2,,,,construction_activity_PII,PII,2
883,13,20,-7,,,,construction_activity_PII,PII,2
884,9,20,-11,,,,construction_activity_PII,PII,2
885,20,19,1,,,,construction_activity_PII,PII,2
886,20,19,1,,,,construction_activity_PII,PII,2
887,13,19,-6,,,,construction_activity_PII,PII,2
888,11,18,-7,,,,construction_activity_PII,PII,2
889,18,18,0,,,,construction_activity_PII,PII,2
890,25,18,7,,,,construction_activity_PII,PII,2
891,29,17,12,,,,construction_activity_PII,PII,2
892,20,17,3,,,,construction_activity_PII,PII,2
893,31,17,14,,,,construction_activity_PII,PII,2
894,9,16,-7,,,,construction_activity_PII,PII,2
895,11,16,-5,,,,construction_activity_PII,PII,2
896,9,16,-7,,,,construction_activity_PII,PII,2
897,27,15,12,,,,construction_activity_PII,PII,2
898,35,15,20,,,,construction_activity_PII,PII,2
899,30,15,15,,,,construction_activity_PII,PII,2
900,7,14,-7,,,,construction_activity_PII,PII,2
901,5,14,-9,,,,construction_activity_PII,PII,2
902,8,14,-6,,,,construction_activity_PII,PII,2
903,5,14,-9,,,,construction_activity_PII,PII,2
904,6,13,-7,,,,construction_activity_PII,PII,2
905,17,13,4,,,,construction_activity_PII,PII,2
906,6,13,-7,,,,construction_activity_PII,PII,2
907,4,13,-9,,,,construction_activity_PII,PII,2
908,7,13,-6,,,,construction_activity_PII,PII,2
909,12,13,-1,,,,construction_activity_PII,PII,2
910,11,13,-2,,,,construction_activity_PII,PII,2
911,15,13,2,,,,construction_activity_PII,PII,2
912,5,13,-8,,,,construction_activity_PII,PII,2
913,7,13,-6,,,,construction_activity_PII,PII,2
914,10,13,-3,,,,construction_activity_PII,PII,2
915,12,13,-1,,,,construction_activity_PII,PII,2
916,13,13,0,,,,construction_activity_PII,PII,2
917,16,13,3,,,,construction_activity_PII,PII,2
918,15,13,2,,,,construction_activity_PII,PII,2
919,52,13,39,,,,construction_activity_PII,PII,2
920,8,13,-5,,,,construction_activity_PII,PII,2
921,8,13,-5,,,,construction_activity_PII,PII,2
922,2,13,-11,,,,construction_activity_PII,PII,2
923,8,14,-6,,,,construction_activity_PII,PII,2
924,5,14,-9,,,,construction_activity_PII,PII,2
925,18,14,4,,,,construction_activity_PII,PII,2
926,14,14,0,,,,construction_activity_PII,PII,2
927,12,14,-2,,,,construction_activity_PII,PII,2
928,32,15,17,,,,construction_activity_PII,PII,2
929,8,15,-7,,,,construction_activity_PII,PII,2
930,7,15,-8,,,,construction_activity_PII,PII,2
931,11,15,-4,,,,construction_activity_PII,PII,2
932,24,15,9,98.02711864406778,0.24904207417382304,9.90086454023424,construction_activity_PII,PII,2
933,21,16,5,92.37175141242936,0.23946043730721428,9.611022391630838,construction_activity_PII,PII,2
934,20,16,4,91.80649717514123,0.22847702874330356,9.581570705011847,construction_activity_PII,PII,2
935,19,16,3,88.07090395480225,0.2073016472553319,9.384609952193125,construction_activity_PII,PII,2
936,16,16,0,86.25169491525423,0.19532674065935363,9.2871790612249,construction_activity_PII,PII,2
937,9,16,-7,85.9827683615819,0.20898029313182415,9.272689381273477,construction_activity_PII,PII,2
938,17,17,0,84.79548022598868,0.19210943643251613,9.208446135260209,construction_activity_PII,PII,2
939,7,17,-10,84.08474576271185,0.16685824644971664,9.169773484809308,construction_activity_PII,PII,2
940,12,17,-5,82.17259887005649,0.20978002689282815,9.064910306784975,construction_activity_PII,PII,2
941,17,17,0,79.53531073446325,0.21601780750723343,8.918257157901607,construction_activity_PII,PII,2
942,23,17,6,80.21779661016947,0.2148910586101848,8.956438835283222,construction_activity_PII,PII,2
943,19,18,1,79.50819209039545,0.20409029820225397,8.916736627847401,construction_activity_PII,PII,2
944,11,18,-7,78.32627118644065,0.20660914177504927,8.850213058816191,construction_activity_PII,PII,2
945,18,18,0,78.30056497175137,0.20489589817580586,8.848760646087754,construction_activity_PII,PII,2
946,24,18,6,78.93192090395476,0.2068158716420069,8.884363843514896,construction_activity_PII,PII,2
947,40,18,22,86.47768361581916,0.2171588830183438,9.29933780523211,construction_activity_PII,PII,2
948,22,18,4,85.77853107344629,0.22230026247984944,9.261669993767123,construction_activity_PII,PII,2
949,52,19,33,103.40649717514118,0.22407645079530011,10.1688985232001,construction_activity_PII,PII,2
950,20,19,1,102.78954802259882,0.19604873682944784,10.138518038776615,construction_activity_PII,PII,2
951,8,19,-11,102.96497175141238,0.19118784912085143,10.14716570040188,construction_activity_PII,PII,2
952,17,19,-2,102.96355932203386,0.19114357824085992,10.147096102926879,construction_activity_PII,PII,2
953,10,19,-9,101.21581920903951,0.21383217625747142,10.060607298222086,construction_activity_PII,PII,2
954,6,19,-13,103.25310734463272,0.22465186090161532,10.161353617733846,construction_activity_PII,PII,2
955,12,19,-7,103.65649717514118,0.2312317010482086,10.181183485977511,construction_activity_PII,PII,2
956,19,19,0,102.82796610169486,0.2481661464159387,10.140412521278158,construction_activity_PII,PII,2
957,14,19,-5,100.75819209039543,0.21703804750400948,10.037838018736675,construction_activity_PII,PII,2
958,18,19,-1,93.70480225988693,0.17084629035885535,9.680124082876569,construction_activity_PII,PII,2
959,25,19,6,90.30056497175134,0.19294225828470488,9.502660941638997,construction_activity_PII,PII,2
960,29,20,9,91.16836158192083,0.1944902108584741,9.54821248097888,construction_activity_PII,PII,2
961,12,20,-8,90.89576271186434,0.17096753813570523,9.533926930277174,construction_activity_PII,PII,2
962,16,20,-4,90.58615819209031,0.16758882893623983,9.517676091992746,construction_activity_PII,PII,2
963,30,20,10,91.07457627118636,0.14937396085231716,9.54330007236419,construction_activity_PII,PII,2
964,30,20,10,91.91497175141234,0.17122815532436,9.587229618164589,construction_activity_PII,PII,2
965,11,20,-9,93.0497175141242,0.15788195599620358,9.646228149599418,construction_activity_PII,PII,2
966,31,20,11,94.19887005649709,0.12700669449426882,9.705610236172534,construction_activity_PII,PII,2
967,28,20,8,93.67542372881347,0.13008934046074824,9.678606497260516,construction_activity_PII,PII,2
968,17,20,-3,93.15932203389822,0.12290090998326438,9.651907688840494,construction_activity_PII,PII,2
969,19,20,-1,93.15932203389822,0.12312659877696627,9.651907688840494,construction_activity_PII,PII,2
970,19,20,-1,93.08785310734456,0.12431190845600842,9.648204657206675,construction_activity_PII,PII,2
971,15,21,-6,93.77937853107338,0.12877650944359617,9.683975347504422,construction_activity_PII,PII,2
972,17,21,-4,92.89576271186434,0.12453753762207874,9.63824479414506,construction_activity_PII,PII,2
973,27,21,6,92.6313559322033,0.11558815045166007,9.62451847793973,construction_activity_PII,PII,2
974,28,21,7,93.02683615819201,0.11968836755309825,9.645042050618132,construction_activity_PII,PII,2
975,16,21,-5,93.5533898305084,0.11207006032773718,9.672300131329072,construction_activity_PII,PII,2
976,14,21,-7,94.5717514124293,0.11981290595985679,9.724800841787419,construction_activity_PII,PII,2
977,37,21,16,98.38728813559314,0.09560180983860696,9.919036653606696,construction_activity_PII,PII,2
978,20,22,-2,98.51158192090388,0.09150242365366401,9.925300092234183,construction_activity_PII,PII,2
979,19,22,-3,73.64378531073437,0.15468757879551162,8.581595732189578,construction_activity_PII,PII,2
980,9,22,-13,76.11610169491517,0.15597400293520236,8.724454234788281,construction_activity_PII,PII,2
981,7,22,-15,79.49463276836148,0.18296531507020564,8.915976265578632,construction_activity_PII,PII,2
982,13,23,-10,79.14237288135584,0.19796806958565832,8.896199912398318,construction_activity_PII,PII,2
983,21,23,-2,78.60903954802251,0.19086295472993295,8.8661738956566,construction_activity_PII,PII,2
984,17,23,-6,77.84717514124284,0.20264022482342925,8.823104620327408,construction_activity_PII,PII,2
985,23,23,0,77.57372881355924,0.2020708503373649,8.807594950584367,construction_activity_PII,PII,2
986,35,24,11,79.60903954802252,0.19971195365250957,8.922389789065624,construction_activity_PII,PII,2
987,35,24,11,81.4855932203389,0.23421443558946983,9.026937089641143,construction_activity_PII,PII,2
988,46,24,22,84.72429378531065,0.30420735471770666,9.20458004394066,construction_activity_PII,PII,2
989,45,25,20,90.07090395480219,0.35210935861165804,9.490569211317212,construction_activity_PII,PII,2
990,23,25,-2,88.86412429378524,0.32298530012085347,9.426776983348297,construction_activity_PII,PII,2
991,16,25,-9,90.12542372881349,0.33605072907204503,9.493441089974356,construction_activity_PII,PII,2
992,25,26,-1,89.04632768361574,0.332113869230142,9.436436174934673,construction_activity_PII,PII,2
993,19,26,-7,89.71073446327676,0.33083282934620034,9.47157507826849,construction_activity_PII,PII,2
994,15,26,-11,91.69802259886998,0.34005579497095945,9.575908447707192,construction_activity_PII,PII,2
995,15,27,-12,94.06666666666659,0.3569381301131242,9.69879717628256,construction_activity_PII,PII,2
996,39,27,12,96.4531073446327,0.3236380750796522,9.821054288854771,construction_activity_PII,PII,2
997,24,28,-4,95.8675141242937,0.3111403468198883,9.791195745377257,construction_activity_PII,PII,2
998,30,28,2,95.91497175141235,0.31172392828545475,9.793618930273546,construction_activity_PII,PII,2
999,19,28,-9,95.58192090395474,0.3001008694646561,9.776600682443501,construction_activity_PII,PII,2
1000,29,29,0,95.09463276836152,0.2988030717733994,9.75164769504936,construction_activity_PII,PII,2
1001,18,29,-11,97.26666666666661,0.29759098185716093,9.862386459000003,construction_activity_PII,PII,2
1002,16,29,-13,99.56920903954797,0.31524592916130895,9.978437204269413,construction_activity_PII,PII,2
1003,25,30,-5,99.94887005649711,0.32339467659879684,9.997443175957397,construction_activity_PII,PII,2
1004,60,30,30,114.2158192090395,0.2783758916681247,10.687180133647955,construction_activity_PII,PII,2
1005,29,31,-2,114.31186440677959,0.2495077832441875,10.691672666462418,construction_activity_PII,PII,2
1006,64,31,33,131.58728813559316,0.21117821433848188,11.471150253378829,construction_activity_PII,PII,2
1007,46,31,15,127.3853107344632,0.2532132564387894,11.286510122020145,construction_activity_PII,PII,2
1008,39,32,7,127.8675141242937,0.2663265848016477,11.30785187930465,construction_activity_PII,PII,2
1009,25,32,-7,110.85056497175133,0.27396077742506303,10.52855949177053,construction_activity_PII,PII,2
1010,26,33,-7,111.67768361581912,0.2837237370418781,10.567766254787202,construction_activity_PII,PII,2
1011,48,33,15,113.26412429378522,0.2609221576455553,10.642561923417933,construction_activity_PII,PII,2
1012,19,34,-15,117.14576271186432,0.21722123748075353,10.823389612864554,construction_activity_PII,PII,2
1013,14,34,-20,122.59293785310726,0.23825866785702413,11.072169518802864,construction_activity_PII,PII,2
1014,19,35,-16,124.06666666666658,0.2633427516844904,11.13852174512698,construction_activity_PII,PII,2
1015,37,35,2,123.29124293785301,0.2551308722132506,11.103658988723177,construction_activity_PII,PII,2
1016,46,36,10,124.9183615819208,0.25635115339631587,11.176688310135557,construction_activity_PII,PII,2
1017,26,37,-11,126.59293785310726,0.23722689520908594,11.25135271214565,construction_activity_PII,PII,2
1018,25,38,-13,129.47429378531064,0.2536873772108376,11.378677154454758,construction_activity_PII,PII,2
1019,20,38,-18,134.17937853107335,0.2704314919909235,11.583582284037757,construction_activity_PII,PII,2
1020,37,39,-2,132.68474576271177,0.27974366791788374,11.518886481023753,construction_activity_PII,PII,2
1021,49,40,9,133.23700564971742,0.27412543270426515,11.542833519102553,construction_activity_PII,PII,2
1022,38,41,-3,133.12881355932194,0.27625241926850697,11.538146019154114,construction_activity_PII,PII,2
1023,43,42,1,131.336440677966,0.2652657790917981,11.460211196918058,construction_activity_PII,PII,2
1024,54,44,10,131.336440677966,0.28039123076702466,11.460211196918058,construction_activity_PII,PII,2
1025,31,45,-14,133.20225988700554,0.27326521843313345,11.541328341530082,construction_activity_PII,PII,2
1026,40,46,-6,131.37259887005638,0.2690989935059371,11.461788641833193,construction_activity_PII,PII,2
1027,32,47,-15,133.31525423728803,0.27815993639130343,11.546222509430867,construction_activity_PII,PII,2
1028,44,49,-5,133.50395480225978,0.2812923852206036,11.554391148055348,construction_activity_PII,PII,2
1029,71,50,21,141.74463276836147,0.26242697542393884,11.905655495114978,construction_activity_PII,PII,2
1030,35,52,-17,146.08361581920894,0.20952916750213352,12.08650552555241,construction_activity_PII,PII,2
1031,36,53,-17,149.91497175141234,0.2313358462600357,12.243976958137921,construction_activity_PII,PII,2
1032,28,55,-27,160.82372881355923,0.26738129906873287,12.681629580363843,construction_activity_PII,PII,2
1033,50,56,-6,160.09152542372874,0.2635558443189901,12.652727983471737,construction_activity_PII,PII,2
1034,53,57,-4,158.78954802259878,0.26818989991326414,12.601172486026798,construction_activity_PII,PII,2
1035,36,59,-23,165.96920903954793,0.26533360675269846,12.8829037503021,construction_activity_PII,PII,2
1036,51,60,-9,166.3488700564971,0.2871304284500132,12.897630404709894,construction_activity_PII,PII,2
1037,85,61,24,172.4098870056496,0.2629358725107718,13.130494545356989,construction_activity_PII,PII,2
1038,111,63,48,214.55677966101683,0.34396587651243266,14.647756813280893,construction_activity_PII,PII,2
1039,138,64,74,309.3276836158191,0.5031826174303023,17.587713996304895,construction_activity_PII,PII,2
1040,108,65,43,337.23276836158186,0.5619868838219299,18.363898506623855,construction_activity_PII,PII,2
1041,41,66,-25,344.2440677966101,0.468038173940875,18.55381545118443,construction_activity_PII,PII,2
1042,58,67,-9,343.90141242937847,0.47157940574905854,18.544579057756433,construction_activity_PII,PII,2
1043,86,67,19,349.3887005649717,0.45779295282750077,18.691942129296564,construction_activity_PII,PII,2
1044,33,68,-35,370.25395480225984,0.41026389205167235,19.241984170096902,construction_activity_PII,PII,2
1045,104,68,36,391.26412429378524,0.3320533755989571,19.780397475626856,construction_activity_PII,PII,2
1046,64,68,-4,389.9717514124293,0.3123408346898527,19.7477024337625,construction_activity_PII,PII,2
1047,87,69,18,393.20084745762705,0.3007528926515916,19.82929266155571,construction_activity_PII,PII,2
1048,45,69,-24,395.64378531073436,0.2635652589811022,19.890796497645194,construction_activity_PII,PII,2
1049,70,68,2,388.95225988700554,0.26182054844848934,19.721872626274756,construction_activity_PII,PII,2
1050,73,68,5,389.32203389830494,0.2618581216035622,19.73124511778983,construction_activity_PII,PII,2
1051,160,68,92,528.5251412429377,0.24091845607484177,22.989674665878542,construction_activity_PII,PII,2
1052,111,67,44,558.1819209039547,0.3196280797953965,23.62587397121966,construction_activity_PII,PII,2
1053,82,67,15,559.2135593220339,0.323292659128795,23.647696702259058,construction_activity_PII,PII,2
1054,73,66,7,556.193220338983,0.319571516692153,23.583749073015998,construction_activity_PII,PII,2
1055,50,65,-15,557.8788135593219,0.32142182925695983,23.619458367187885,construction_activity_PII,PII,2
1056,49,64,-15,561.8372881355931,0.3305058402521123,23.703107140955026,construction_activity_PII,PII,2
1057,56,63,-7,562.658474576271,0.3337379111090557,23.720423153398233,construction_activity_PII,PII,2
1058,38,62,-24,574.4098870056496,0.33784831523436876,23.96684975138889,construction_activity_PII,PII,2
1059,48,61,-13,576.1838983050847,0.34499372781280363,24.00383090894211,construction_activity_PII,PII,2
1060,74,60,14,578.4776836158189,0.3379521992296804,24.051563018145387,construction_activity_PII,PII,2
1061,91,59,32,589.9322033898303,0.339004712049048,24.28851999175393,construction_activity_PII,PII,2
1062,34,59,-25,598.8406779661015,0.3054815932607858,24.471221423666236,construction_activity_PII,PII,2
1063,56,58,-2,598.1974576271183,0.31558690033946457,24.458075509473723,construction_activity_PII,PII,2
1064,74,57,17,589.0497175141239,0.31966759768360276,24.27034646464949,construction_activity_PII,PII,2
1065,63,56,7,588.98615819209,0.329014902156781,24.269037026468315,construction_activity_PII,PII,2
1066,62,55,7,573.6211864406777,0.32318334562821005,23.95039011040692,construction_activity_PII,PII,2
1067,32,54,-22,580.5717514124291,0.3159698072093211,24.09505657624462,construction_activity_PII,PII,2
1068,26,54,-28,594.7398305084743,0.3314426969897779,24.38728829756343,construction_activity_PII,PII,2
1069,34,53,-19,600.4550847457623,0.3410031864019308,24.5041850455338,construction_activity_PII,PII,2
1070,28,52,-24,609.8531073446323,0.3547365927134867,24.695204136524815,construction_activity_PII,PII,2
1071,25,52,-27,618.8463276836153,0.37503415568065607,24.87662211160541,construction_activity_PII,PII,2
1072,27,52,-25,625.5864406779656,0.3816277214092455,25.011726063547986,construction_activity_PII,PII,2
1073,52,51,1,618.8415254237282,0.3722979156805461,24.876525589875452,construction_activity_PII,PII,2
1074,36,51,-15,618.3107344632763,0.37293891177952854,24.865854790521002,construction_activity_PII,PII,2
1075,43,51,-8,619.3559322033892,0.37481839244765475,24.886862642836064,construction_activity_PII,PII,2
1076,57,51,6,618.2666666666661,0.3771390218804459,24.864968664099823,construction_activity_PII,PII,2
1077,89,50,39,641.4022598870051,0.3732691764876562,25.32592071153594,construction_activity_PII,PII,2
1078,53,50,3,638.2022598870052,0.36351679740019316,25.262665336163664,construction_activity_PII,PII,2
1079,32,50,-18,638.2022598870052,0.36095975561536864,25.262665336163664,construction_activity_PII,PII,2
1080,82,50,32,653.9728813559317,0.3402373811166181,25.57289348814349,construction_activity_PII,PII,2
1081,116,50,66,722.4211864406776,0.3693225256451055,26.877894010518713,construction_activity_PII,PII,2
1082,61,51,10,722.7920903954798,0.3617780939409867,26.884792920821983,construction_activity_PII,PII,2
1083,26,51,-25,735.615819209039,0.35427757599784454,27.122238462358506,construction_activity_PII,PII,2
1084,48,51,-3,735.0539548022595,0.35856959184055626,27.111878481622394,construction_activity_PII,PII,2
1085,37,51,-14,735.0539548022595,0.35759859642681086,27.111878481622394,construction_activity_PII,PII,2
1086,56,52,4,733.9692090395475,0.3540710699293198,27.09186610478406,construction_activity_PII,PII,2
1087,64,52,12,730.300564971751,0.3524138734244521,27.024073804142688,construction_activity_PII,PII,2
1088,46,53,-7,730.8915254237285,0.3545359950346017,27.035005556199327,construction_activity_PII,PII,2
1089,52,53,-1,725.3107344632764,0.3663101416620696,26.931593611653884,construction_activity_PII,PII,2
1090,27,54,-27,733.5310734463272,0.35926981266480446,27.083778788166306,construction_activity_PII,PII,2
1091,12,55,-43,761.6903954802254,0.36995922598615383,27.59873901974917,construction_activity_PII,PII,2
1092,33,56,-23,758.0610169491521,0.38288607662388396,27.532907891269897,construction_activity_PII,PII,2
1093,49,58,-9,759.0042372881351,0.38515012396903653,27.55003152971218,construction_activity_PII,PII,2
1094,28,59,-31,776.4169491525419,0.3875158451116828,27.864259350511038,construction_activity_PII,PII,2
1095,28,60,-32,785.1805084745758,0.3996237259742839,28.021072578946292,construction_activity_PII,PII,2
1096,46,62,-16,788.4056497175136,0.4138556162033327,28.078562102029256,construction_activity_PII,PII,2
1097,25,64,-39,805.508192090395,0.40880452170529047,28.38147621408011,construction_activity_PII,PII,2
1098,29,66,-37,787.571751412429,0.38158764748722573,28.06370879645862,construction_activity_PII,PII,2
1099,40,68,-28,700.1514124293781,0.3438059185855737,26.460374381882392,construction_activity_PII,PII,2
1100,108,70,38,692.7488700564967,0.34452890848543466,26.32012291112062,construction_activity_PII,PII,2
1101,72,72,0,684.7050847457623,0.33881290639329703,26.166869983736348,construction_activity_PII,PII,2
1102,98,74,24,695.9194915254234,0.34309028910846184,26.38028603949213,construction_activity_PII,PII,2
1103,163,76,87,821.9692090395476,0.38718626027659064,28.670005389597463,construction_activity_PII,PII,2
1104,110,79,31,818.7624293785307,0.44516245817486927,28.614025046793586,construction_activity_PII,PII,2
1105,55,81,-26,807.1330508474572,0.42948173170066883,28.410087131993404,construction_activity_PII,PII,2
1106,66,83,-17,811.2497175141239,0.43683287420007744,28.482445778305696,construction_activity_PII,PII,2
1107,30,85,-55,852.3895480225984,0.4529853410517959,29.195711123769506,construction_activity_PII,PII,2
1108,41,87,-46,876.5025423728808,0.48167955458093886,29.605785623301415,construction_activity_PII,PII,2
1109,57,89,-32,890.179378531073,0.4927471548229932,29.835874019895464,construction_activity_PII,PII,2
1110,127,91,36,915.0406779661013,0.48904129311460276,30.249639303074364,construction_activity_PII,PII,2
1111,246,93,153,1173.2912429378525,0.4634004997388997,34.25333915018874,construction_activity_PII,PII,2
1112,121,94,27,1151.6666666666663,0.4335338170252526,33.93621467793169,construction_activity_PII,PII,2
1113,53,96,-43,1173.9819209039542,0.40709941763389157,34.263419573999826,construction_activity_PII,PII,2
1114,48,97,-49,1207.0124293785307,0.4247043392241136,34.74208441326644,construction_activity_PII,PII,2
1115,106,98,8,1207.3048022598866,0.4095905999095234,34.746291921007725,construction_activity_PII,PII,2
1116,77,98,-21,1210.2064971751408,0.4053398387494868,34.78802232342535,construction_activity_PII,PII,2
1117,76,99,-23,1216.2177966101688,0.40835957236996945,34.874314281576474,construction_activity_PII,PII,2
1118,275,99,176,1747.6302259886997,0.2974062016564549,41.80466751439006,construction_activity_PII,PII,2
1157,20,20,0,,,,construction_activity_EPIII,EPIII,3
1158,12,20,-8,,,,construction_activity_EPIII,EPIII,3
1159,18,21,-3,,,,construction_activity_EPIII,EPIII,3
1160,30,21,9,,,,construction_activity_EPIII,EPIII,3
1161,16,21,-5,,,,construction_activity_EPIII,EPIII,3
1162,24,22,2,,,,construction_activity_EPIII,EPIII,3
1163,30,22,8,,,,construction_activity_EPIII,EPIII,3
1164,11,23,-12,,,,construction_activity_EPIII,EPIII,3
1165,26,24,2,,,,construction_activity_EPIII,EPIII,3
1166,15,24,-9,,,,construction_activity_EPIII,EPIII,3
1167,39,25,14,,,,construction_activity_EPIII,EPIII,3
1168,27,25,2,,,,construction_activity_EPIII,EPIII,3
1169,19,26,-7,,,,construction_activity_EPIII,EPIII,3
1170,28,26,2,,,,construction_activity_EPIII,EPIII,3
1171,33,27,6,,,,construction_activity_EPIII,EPIII,3
1172,33,27,6,,,,construction_activity_EPIII,EPIII,3
1173,31,28,3,,,,construction_activity_EPIII,EPIII,3
1174,48,28,20,,,,construction_activity_EPIII,EPIII,3
1175,20,28,-8,,,,construction_activity_EPIII,EPIII,3
1176,16,29,-13,75.73421052631579,-0.1838604317782889,8.702540463928667,construction_activity_EPIII,EPIII,3
1177,20,29,-9,80.21052631578948,-0.08481947791331942,8.956032956381385,construction_activity_EPIII,EPIII,3
1178,34,30,4,77.30526315789473,-0.12728654656013705,8.792341164780558,construction_activity_EPIII,EPIII,3
1179,18,30,-12,84.76578947368421,-0.13094490742960405,9.206833846316778,construction_activity_EPIII,EPIII,3
1180,25,31,-6,82.0421052631579,-0.055574940298375966,9.05770971400375,construction_activity_EPIII,EPIII,3
1181,47,31,16,94.36578947368422,-0.10027509209318126,9.714205550310545,construction_activity_EPIII,EPIII,3
1182,18,32,-14,104.55526315789473,-0.21800287391636536,10.22522680227166,construction_activity_EPIII,EPIII,3
1183,49,33,16,114.78684210526315,-0.26740716675292403,10.71386214701604,construction_activity_EPIII,EPIII,3
1184,48,34,14,115.60789473684208,-0.14504373492724262,10.752111175803666,construction_activity_EPIII,EPIII,3
1185,46,35,11,120.27368421052631,-0.08086026151037476,10.966935953607384,construction_activity_EPIII,EPIII,3
1186,14,36,-22,143.50263157894736,-0.10824308739667671,11.979258390190411,construction_activity_EPIII,EPIII,3
1187,22,37,-15,146.32631578947368,0.02735035033084618,12.096541480500685,construction_activity_EPIII,EPIII,3
1188,34,38,-4,146.6736842105263,0.05106520101758902,12.110891140231024,construction_activity_EPIII,EPIII,3
1189,28,40,-12,151.29210526315788,0.07132221801825853,12.30008557950545,construction_activity_EPIII,EPIII,3
1190,48,41,7,154.04210526315788,0.03166909385669853,12.41136999944639,construction_activity_EPIII,EPIII,3
1191,33,43,-10,155.72631578947366,-0.010103830154641067,12.4790350504145,construction_activity_EPIII,EPIII,3
1192,41,44,-3,152.7657894736842,-0.01958121655943777,12.35984585153408,construction_activity_EPIII,EPIII,3
1193,60,46,14,164.43157894736842,-0.06661449345155512,12.823087730627456,construction_activity_EPIII,EPIII,3
1194,77,48,29,188.66052631578947,0.14956735064242882,13.73537499727581,construction_activity_EPIII,EPIII,3
1195,43,49,-6,187.3552631578947,0.05772419398872597,13.687777875093339,construction_activity_EPIII,EPIII,3
1196,56,51,5,180.34473684210522,0.016398775727270224,13.429249302999226,construction_activity_EPIII,EPIII,3
1197,65,52,13,183.35526315789468,0.04160882630114225,13.540873795951821,construction_activity_EPIII,EPIII,3
1198,30,54,-24,214.44999999999996,-0.03219676277979366,14.644111444536332,construction_activity_EPIII,EPIII,3
1199,32,55,-23,234.22105263157889,0.08995583213745545,15.304282166491145,construction_activity_EPIII,EPIII,3
1200,58,56,2,232.95789473684204,0.09616905653589947,15.262958256407636,construction_activity_EPIII,EPIII,3
1201,60,58,2,218.73684210526312,0.1580848611265438,14.78975463303104,construction_activity_EPIII,EPIII,3
1202,51,59,-8,212.32631578947363,0.21970633964129543,14.571421200057104,construction_activity_EPIII,EPIII,3
1203,102,60,42,291.83157894736837,0.06564925624943097,17.08307873152168,construction_activity_EPIII,EPIII,3
1204,93,62,31,330.26052631578943,0.2515173451269061,18.173071460702218,construction_activity_EPIII,EPIII,3
1205,43,63,-20,347.1473684210526,0.1708375841746117,18.63189116598346,construction_activity_EPIII,EPIII,3
1206,54,64,-10,326.6842105263157,0.15122274923034712,18.074407612044045,construction_activity_EPIII,EPIII,3
1207,45,65,-20,336.09210526315786,0.17300047149207531,18.332814984697738,construction_activity_EPIII,EPIII,3
1208,48,66,-18,352.1552631578947,0.21486276214156633,18.76580036017368,construction_activity_EPIII,EPIII,3
1209,61,67,-6,346.6605263157894,0.24192441766568254,18.618821829422757,construction_activity_EPIII,EPIII,3
1210,85,67,18,360.98947368421045,0.23387692908619995,18.999722989670413,construction_activity_EPIII,EPIII,3
1211,139,68,71,600.365789473684,0.3090454184604414,24.502362936535,construction_activity_EPIII,EPIII,3
1212,63,68,-5,602.1342105263157,0.187256750451923,24.538423146696196,construction_activity_EPIII,EPIII,3
1213,71,69,2,597.1447368421052,0.17133284851687658,24.43654510854808,construction_activity_EPIII,EPIII,3
1214,55,69,-14,575.3052631578946,0.19643752059640981,23.985521948831853,construction_activity_EPIII,EPIII,3
1215,53,69,-16,588.3052631578946,0.22042812014635782,24.2550049094593,construction_activity_EPIII,EPIII,3
1217,17,35,-18,,,,construction_activity_LPIII,LPIII,4
1218,34,35,-1,,,,construction_activity_LPIII,LPIII,4
1219,39,36,3,,,,construction_activity_LPIII,LPIII,4
1220,32,37,-5,,,,construction_activity_LPIII,LPIII,4
1221,38,39,-1,,,,construction_activity_LPIII,LPIII,4
1222,40,40,0,,,,construction_activity_LPIII,LPIII,4
1223,38,43,-5,,,,construction_activity_LPIII,LPIII,4
1224,38,45,-7,,,,construction_activity_LPIII,LPIII,4
1225,33,48,-15,,,,construction_activity_LPIII,LPIII,4
1226,58,51,7,,,,construction_activity_LPIII,LPIII,4
1227,28,54,-26,,,,construction_activity_LPIII,LPIII,4
1228,50,58,-8,,,,construction_activity_LPIII,LPIII,4
1229,64,62,2,,,,construction_activity_LPIII,LPIII,4
1230,71,66,5,,,,construction_activity_LPIII,LPIII,4
1231,75,69,6,,,,construction_activity_LPIII,LPIII,4
1232,71,73,-2,,,,construction_activity_LPIII,LPIII,4
1233,141,77,64,,,,construction_activity_LPIII,LPIII,4
1234,61,80,-19,,,,construction_activity_LPIII,LPIII,4
1235,85,84,1,,,,construction_activity_LPIII,LPIII,4
1236,56,87,-31,358.4736842105263,-0.21568669516423541,18.93340128478046,construction_activity_LPIII,LPIII,4
1237,68,90,-22,365.8,-0.10981954475227587,19.12589867169645,construction_activity_LPIII,LPIII,4
1238,103,92,11,375.14736842105265,-0.1447348081562727,19.368721393552356,construction_activity_LPIII,LPIII,4
1239,136,95,41,467.74736842105267,-0.0532759015461537,21.627467915154856,construction_activity_LPIII,LPIII,4
1240,102,97,5,467.6947368421053,-0.02539740886392146,21.626251104666878,construction_activity_LPIII,LPIII,4
1241,95,98,-3,468.16842105263163,-0.027163042381992138,21.637199935588516,construction_activity_LPIII,LPIII,4
1242,159,99,60,646.9052631578948,-0.041676972915075494,25.43433237098813,construction_activity_LPIII,LPIII,4
1243,99,100,-1,644.2526315789474,-0.06467838413586764,25.382132132249005,construction_activity_LPIII,LPIII,4
1244,95,100,-5,642.2631578947369,-0.07931628401343578,25.342911393419993,construction_activity_LPIII,LPIII,4
1245,82,100,-18,648.5552631578947,-0.05701971920960552,25.466748185779327,construction_activity_LPIII,LPIII,4
1246,74,100,-26,690.3263157894736,0.0032925400449837893,26.274061653834064,construction_activity_LPIII,LPIII,4
1247,132,99,33,692.3447368421052,-0.09135234602011039,26.312444524257057,construction_activity_LPIII,LPIII,4
1248,123,98,25,702.8526315789474,-0.04971081723743186,26.511367968834566,construction_activity_LPIII,LPIII,4
1249,97,97,0,703.957894736842,-0.05853078386532192,26.53220486007226,construction_activity_LPIII,LPIII,4
1250,127,96,31,734.4736842105264,-0.06858627299992759,27.101174959963014,construction_activity_LPIII,LPIII,4
1251,59,96,-37,833.7131578947368,-0.1345089506857903,28.87409146440346,construction_activity_LPIII,LPIII,4
1252,70,95,-25,877.9578947368421,-0.0162297170315838,29.630354279637665,construction_activity_LPIII,LPIII,4
1253,120,94,26,710.9578947368421,0.029334729144096305,26.663793704888324,construction_activity_LPIII,LPIII,4
1254,58,94,-36,763.5236842105263,-0.04100618471310569,27.631932328567366,construction_activity_LPIII,LPIII,4
1255,83,94,-11,771.2921052631579,-0.007958916436515884,27.77214621276429,construction_activity_LPIII,LPIII,4
1256,90,94,-4,717.221052631579,-0.06361019420664218,26.78098304079929,construction_activity_LPIII,LPIII,4
1257,158,95,63,861.9447368421053,-0.07533170140650612,29.35889536140802,construction_activity_LPIII,LPIII,4
1258,40,96,-56,1054.3052631578948,-0.2757102807637275,32.47006718745582,construction_activity_LPIII,LPIII,4
1259,73,98,-25,1008.8000000000002,-0.1839434949271303,31.76161204976851,construction_activity_LPIII,LPIII,4
1260,102,100,2,1007.6078947368422,-0.18339974879542625,31.74284005467756,construction_activity_LPIII,LPIII,4
1261,103,102,1,1007.2921052631581,-0.19495723527441378,31.73786548057632,construction_activity_LPIII,LPIII,4
1262,107,105,2,808.2605263157897,-0.22572694158174064,28.429923079667127,construction_activity_LPIII,LPIII,4
1263,71,107,-36,861.9578947368423,-0.2288243224876979,29.359119447572713,construction_activity_LPIII,LPIII,4
1264,112,110,2,864.2605263157897,-0.2357375633974963,29.398308222001308,construction_activity_LPIII,LPIII,4
1265,108,113,-5,854.1684210526319,-0.2610291874961675,29.226159875232188,construction_activity_LPIII,LPIII,4
1266,151,116,35,897.6710526315792,-0.21695666015739434,29.961159066891575,construction_activity_LPIII,LPIII,4
1267,147,118,29,884.2605263157897,-0.20152500330558779,29.73651839600241,construction_activity_LPIII,LPIII,4
1268,120,121,-1,847.0394736842107,-0.20143925029384735,29.103942579729825,construction_activity_LPIII,LPIII,4
1269,127,123,4,848.7868421052633,-0.21333238790444106,29.133946559044542,construction_activity_LPIII,LPIII,4
1270,126,124,2,789.9473684210528,-0.1466930811033294,28.10600235574339,construction_activity_LPIII,LPIII,4
1271,135,125,10,734.6605263157898,-0.21244739845692523,27.104621862623166,construction_activity_LPIII,LPIII,4
1272,102,125,-23,729.8394736842107,-0.18643222529644213,27.015541336131147,construction_activity_LPIII,LPIII,4
1273,126,125,1,689.905263157895,-0.12671306241383853,26.2660477262548,construction_activity_LPIII,LPIII,4
1274,150,124,26,662.1684210526319,-0.15724321916454106,25.732633387444665,construction_activity_LPIII,LPIII,4
1275,271,123,148,1728.7236842105262,0.08045080280296069,41.577923038681554,construction_activity_LPIII,LPIII,4
1276,80,121,-41,1846.8315789473686,-0.14420219906189471,42.97477840486636,construction_activity_LPIII,LPIII,4
1277,92,119,-27,1720.3578947368421,0.00935543244067297,41.477197286422836,construction_activity_LPIII,LPIII,4
1278,72,118,-46,1663.8842105263157,0.002762259139414576,40.790736822547295,construction_activity_LPIII,LPIII,4
1279,103,116,-13,1635.842105263158,0.028702535224458908,40.4455449371517,construction_activity_LPIII,LPIII,4
1280,121,114,7,1636.3026315789473,0.026613651638681138,40.45123770144676,construction_activity_LPIII,LPIII,4
1281,105,113,-8,1642.957894736842,0.02519378350707329,40.53341701284068,construction_activity_LPIII,LPIII,4
1282,108,112,-4,1645.578947368421,0.026770828269907742,40.565736125065214,construction_activity_LPIII,LPIII,4
1283,104,111,-7,1568.5763157894737,0.02685508944431486,39.60525616366436,construction_activity_LPIII,LPIII,4
